,User Name,Display Name,Job Title
0,chris@contoso.com,Chris Green,IT Manager
1,ben@contoso.com,Ben Andrews,IT Manager
2,david@contoso.com,David Longmuir,IT Manager
3,cynthia@contoso.com,Cynthia Carey,IT Manager
4,melissa@contoso.com,Melissa MacBeth,IT Manager
0,shawanda@contoso.com,Shawanda Walker,CEO
1,george@contoso.com,George Hurden,CEO's Secretary
2,amilia@contoso.com,Amilia Thomas,QA Manager
3,benjamin@contoso.com,Benjamin Nerd,QA's Secretary
4,nina@contoso.com,Nina Golono,QA
5,bella@contoso.com,Bella Shift,QA
6,jeff@contoso.com,Jeff Title,QA
7,tom@contoso.com,Tom Fork,Graphic Designer
8,tiffany@contoso.com,Tiffany Keller,Graphic Designer
9,lee@contoso.com,Lee Nim-as,GUI Developer
10,sofi@contoso.com,Sofi Stam,GUI Developer
11,elit@contoso.il,Elit Barosh,Branch Manager
12,maor@contoso.il,Maor Tee-Rosh,BM's Secretary
13,shifra@contoso.il,Shifra Market,Marketing Woman
14,dolev@contoso.il,Dolev Zahav,Economist
15,beny@contoso.il,Beny Mocher,Saleman
16,batia@contoso.il,Batia Mocheret,Salewoman
17,sam@contoso.il,Sam Boreg,House keeper
